CREATE SCHEMA retail;

CREATE TABLE retail.products (
    product_id INT PRIMARY KEY,
    product_name VARCHAR(100),
    category VARCHAR(50),
    price DECIMAL(10,2)
);

INSERT INTO retail.products VALUES 
(1, 'Wireless Mouse', 'Electronics', 799.99),
(2, 'Bluetooth Speaker', 'Electronics', 1299.49),
(3, 'Yoga Mat', 'Fitness', 499.00),
(4, 'Laptop Stand', 'Accessories', 999.99),
(5, 'Notebook Set', 'Stationery', 149.00),
(6, 'Water Bottle', 'Fitness', 299.00),
(7, 'Smartwatch', 'Electronics', 4999.00),
(8, 'Desk Organizer', 'Accessories', 399.00),
(9, 'Dumbbell Set', 'Fitness', 1999.00),
(10, 'Pen Drive 32GB', 'Electronics', 599.00);

-- Stores Table
CREATE TABLE retail.stores (
    store_id INT PRIMARY KEY,
    store_name VARCHAR(100),
    location VARCHAR(100)
);

INSERT INTO retail.stores VALUES 
(1, 'City Mall Store', 'Mumbai'),
(2, 'High Street Store', 'Delhi'),
(3, 'Tech World Outlet', 'Bangalore'),
(4, 'Downtown Mini Store', 'Pune'),
(5, 'Mega Plaza', 'Chennai');


-- Transactions Table
CREATE TABLE retail.transactions (
    transaction_id INT PRIMARY KEY,
    customer_id INT,
    product_id INT,
    store_id INT,
    quantity INT,
    transaction_date DATE,
    FOREIGN KEY (product_id) REFERENCES retail.products(product_id),
    FOREIGN KEY (store_id) REFERENCES retail.stores(store_id)
);

INSERT INTO retail.transactions (transaction_id, customer_id, product_id, quantity, store_id, transaction_date) VALUES
(1, 127, 8, 4, 4, '2025-03-31'),
(2, 105, 3, 4, 5, '2024-11-12'),
(3, 116, 2, 2, 3, '2025-05-01'),
(4, 120, 8, 1, 1, '2024-11-02'),
(5, 105, 5, 2, 1, '2025-03-17'),
(6, 110, 7, 3, 5, '2025-01-04'),
(7, 110, 7, 2, 5, '2025-01-01'),
(8, 126, 7, 5, 2, '2025-06-08'),
(9, 123, 1, 3, 2, '2024-10-08'),
(10, 124, 2, 2, 5, '2024-08-27'),
(11, 102, 1, 3, 2, '2024-08-11'),
(12, 108, 5, 1, 4, '2025-05-26'),
(13, 104, 3, 3, 4, '2025-05-04'),
(14, 120, 1, 4, 5, '2024-07-17'),
(15, 121, 6, 5, 5, '2025-05-19'),
(16, 118, 6, 2, 4, '2024-11-29'),
(17, 109, 8, 5, 5, '2024-07-10'),
(18, 103, 1, 4, 3, '2024-09-05'),
(19, 116, 8, 4, 4, '2024-07-14'),
(20, 130, 5, 1, 2, '2024-07-30'),
(21, 105, 1, 3, 5, '2024-10-02'),
(22, 107, 9, 3, 4, '2024-11-16'),
(23, 122, 9, 4, 2, '2025-04-30'),
(24, 125, 1, 5, 1, '2024-07-14'),
(25, 116, 8, 4, 5, '2024-12-13'),
(26, 126, 6, 2, 2, '2024-09-21'),
(27, 127, 8, 1, 1, '2024-10-10'),
(28, 101, 7, 5, 3, '2024-11-15'),
(29, 119, 9, 4, 2, '2025-06-03'),
(30, 116, 8, 4, 5, '2025-03-16');


select * from retail.stores;
select * from retail.transactions;
